id,smoker,county,num-children,race,income,age-group,complications,label
1,False,county3,1,race3,159,group3,2,False
6,False,county3,3,race1,120,group3,2,False
13,False,,4,race1,88,group3,1,False
17,False,county4,3,,122,group3,5,False
18,True,county1,2,,352,group3,8,True
25,,county4,4,race1,333,group3,9,True
32,True,county2,1,race1,242,group3,9,True
41,False,county1,0,race2,202,group3,6,False
47,True,county3,4,race1,208,group3,7,True
56,True,county1,5,race1,273,group3,7,True
76,False,county1,5,race1,191,group3,6,False
78,False,county4,2,race1,183,group3,0,False
84,True,,2,race2,117,group3,3,False
88,False,,5,race2,164,group3,5,False
93,True,,3,race3,115,group3,8,True
96,False,,5,race3,110,group3,2,False
97,,county1,5,race3,246,group3,9,True
99,True,,0,race3,208,group3,9,True
104,False,,2,race1,134,group3,6,False
107,False,county1,3,race1,82,group3,4,False
123,True,county3,2,race1,164,group3,7,True
124,True,county3,2,race2,184,group3,8,True
135,True,county3,1,race2,86,group3,4,False
152,False,county3,1,race1,166,group3,6,False
158,True,county1,0,race1,397,group3,8,True
162,True,,1,race2,218,group3,0,False
165,True,,4,race3,185,group3,9,True
169,False,county2,4,race1,48,group3,1,False
170,False,,1,race1,373,group3,7,True
177,False,county1,5,race3,44,group3,2,False
187,False,,1,race1,211,group3,6,False
192,False,county2,5,race1,115,group3,6,False
196,False,county3,2,race1,76,group3,4,False
203,False,county4,4,race3,71,group3,8,True
207,False,county3,5,race3,50,group3,1,False
211,False,county4,3,race2,79,group3,6,False
222,True,county3,1,race2,111,group3,9,True
229,True,,4,,272,group3,10,True
230,False,,3,race1,122,group3,0,False
240,False,county4,0,race3,123,group3,5,False
252,,county4,3,race1,156,group3,1,False
253,False,county3,2,race1,102,group3,0,False
258,True,county1,2,race3,44,group3,9,True
288,False,county3,0,,187,group3,5,False
290,True,county2,5,race2,231,group3,7,True
291,False,county1,5,race2,47,group3,5,False
304,True,county1,2,race3,152,group3,8,True
306,False,county2,1,race2,113,group3,0,False
322,True,county3,3,,357,group3,10,True
332,False,,1,race3,42,group3,3,False
337,False,county1,1,race3,224,group3,0,False
338,False,county1,2,race1,178,group3,5,False
348,False,county1,0,race3,74,group3,6,False
350,True,county1,0,race1,287,group3,10,True
353,False,county4,2,race2,91,group3,1,False
373,,county1,5,race2,135,group3,1,False
377,True,,3,race3,85,group3,7,True
380,False,,0,race2,134,group3,6,False
385,False,county3,2,race2,113,group3,5,False
390,True,county1,4,race1,162,group3,10,True
395,False,county1,2,race2,221,group3,2,False
397,False,county4,2,race2,208,group3,2,False
400,False,,3,race3,96,group3,2,False
403,True,county4,3,race1,376,group3,8,True
411,False,county2,5,race2,40,group3,4,False
417,False,county3,1,race2,178,group3,6,False
420,False,county4,3,race3,159,group3,3,False
425,True,county2,1,race1,338,group3,9,True
449,True,county3,4,race2,317,group3,9,True
456,False,county2,0,race1,180,group3,5,False
467,True,,5,race3,293,group3,9,True
472,True,county3,1,race1,379,group3,7,True
477,True,county1,1,race3,133,group3,2,False
497,False,county3,2,race3,69,group3,0,False
499,True,county1,2,race3,347,group3,9,True
507,False,county4,1,race2,225,group3,6,False
524,True,county3,5,race3,396,group3,7,True
531,True,,3,race3,99,group3,8,True
532,False,county4,4,race1,188,group3,3,False
538,False,county3,4,race1,100,group3,5,False
541,True,county3,1,race2,402,group3,10,True
574,False,,4,race1,103,group3,3,False
577,True,county2,4,race2,328,group3,9,True
597,True,,5,race1,142,group3,10,True
621,True,county1,3,race3,326,group3,10,True
623,False,county4,0,,94,group3,1,False
627,False,,0,race2,156,group3,3,False
631,False,county1,4,race1,91,group3,5,False
634,False,county1,1,race3,180,group3,2,False
645,False,county3,3,race2,185,group3,2,False
658,True,county4,0,race1,330,group3,8,True
661,False,county2,4,race2,152,group3,1,False
662,False,county1,1,,110,group3,2,False
665,True,,1,race3,411,group3,8,True
670,False,county4,0,race3,210,group3,0,False
672,True,county3,2,race2,115,group3,8,True
681,,county3,5,race1,203,group3,0,False
694,False,county2,1,race3,160,group3,4,False
695,True,,4,race1,338,group3,9,True
700,True,county1,0,race3,208,group3,8,True
704,False,county1,2,race2,162,group3,6,False
722,,county1,2,race3,100,group3,5,False
725,True,,3,race3,187,group3,9,True
730,True,county1,0,race3,154,group3,9,True
733,False,county1,1,race1,116,group3,4,False
735,,county4,5,race2,422,group3,9,True
738,,,4,race3,111,group3,8,True
744,False,county1,2,race3,179,group3,7,True
757,False,,2,race2,131,group3,5,False
773,False,county1,3,race3,183,group3,1,False
789,True,county2,3,,345,group3,7,True
791,False,,2,race1,41,group3,5,False
792,True,county1,2,race3,272,group3,9,True
797,True,,5,race3,77,group3,0,False
798,True,county1,2,,135,group3,10,True
806,False,county1,0,race3,298,group3,7,True
812,False,county2,3,,208,group3,4,False
817,True,,2,race1,344,group3,10,True
823,True,,0,race1,167,group3,2,False
824,False,,0,,162,group3,1,False
830,False,county2,4,,76,group3,6,False
840,False,county3,0,race2,130,group3,6,False
845,False,county1,0,race2,75,group3,2,False
847,False,county1,3,race3,142,group3,5,False
849,,county1,3,race2,146,group3,4,False
851,False,county2,2,race2,223,group3,6,False
852,False,county3,4,race2,160,group3,1,False
864,False,county3,3,race2,71,group3,5,False
866,False,county3,3,race1,101,group3,4,False
872,True,county2,3,race1,69,group3,7,True
879,,county1,4,race3,83,group3,6,False
895,False,county4,4,race1,149,group3,4,False
896,True,county1,3,race1,405,group3,10,True
926,True,county4,0,race2,356,group3,9,True
931,False,county3,2,race1,205,group3,5,False
939,False,county1,4,,295,group3,10,True
941,True,county1,4,race3,405,group3,7,True
949,True,,5,race2,47,group3,8,True
959,True,county2,3,race1,267,group3,10,True
961,False,county1,1,race2,172,group3,3,False
972,False,county1,2,race1,127,group3,1,False
973,False,county3,0,race2,101,group3,1,False
977,False,county3,5,race2,82,group3,2,False
983,True,county1,3,race1,350,group3,7,True
987,False,county2,5,race2,98,group3,3,False
1000,False,county2,5,race1,411,group3,7,True
19,True,county1,0,race3,414,group2,7,True
23,False,county1,0,race3,58,group2,0,False
26,True,county2,5,race1,223,group2,7,True
51,False,,1,race3,141,group2,5,False
58,False,county1,3,race3,207,group2,5,False
61,False,county2,1,race1,215,group2,2,False
71,True,county3,2,race1,392,group2,6,True
72,True,county1,1,race3,308,group2,6,True
74,True,county3,4,race1,236,group2,7,True
80,True,county2,0,race1,301,group2,6,True
86,,,3,race1,268,group2,8,True
95,True,county2,4,race1,115,group2,9,True
101,False,county1,2,race3,123,group2,0,False
114,True,county2,5,race1,200,group2,7,True
119,True,county4,3,race3,209,group2,7,True
126,False,,0,race2,48,group2,5,False
132,,,4,race2,55,group2,1,False
133,False,county2,2,race2,221,group2,2,False
174,True,county1,1,,244,group2,8,True
185,True,county2,4,race2,413,group2,7,True
198,True,county4,2,race3,118,group2,7,True
201,False,,2,race3,225,group2,4,False
213,False,county4,0,race2,73,group2,1,False
215,False,county4,1,,133,group2,0,False
219,False,county4,4,race3,55,group2,3,False
223,False,,4,race2,298,group2,8,True
243,True,county4,1,,207,group2,9,True
257,True,county3,1,race1,433,group2,10,True
259,False,county1,1,race3,56,group2,2,False
260,True,county1,5,race1,322,group2,10,True
266,False,county2,1,race2,178,group2,0,False
269,,county1,2,race3,210,group2,7,True
273,False,county3,5,race1,67,group2,2,False
281,False,county2,4,race1,46,group2,5,False
297,True,county4,0,race1,72,group2,6,True
307,,county4,0,race3,388,group2,8,True
324,False,county1,4,race3,100,group2,3,False
331,True,county1,3,race1,187,group2,9,True
340,False,county1,3,race1,65,group2,1,False
381,True,county2,0,race3,107,group2,9,True
386,True,county3,4,race3,300,group2,10,True
392,True,county1,2,race1,201,group2,5,False
396,False,county1,0,race3,121,group2,2,False
399,True,,4,race2,231,group2,9,True
404,False,county4,1,,121,group2,2,False
427,True,county3,1,race3,135,group2,7,True
428,False,,5,race1,161,group2,5,False
431,False,county4,2,race1,59,group2,2,False
432,True,county2,0,race1,395,group2,9,True
458,True,county1,2,race3,158,group2,8,True
471,False,county3,5,race1,50,group2,5,False
485,True,county1,5,race1,145,group2,9,True
489,True,county1,5,race3,386,group2,10,True
498,True,county3,1,race2,288,group2,6,True
508,,county4,0,race1,229,group2,10,True
509,False,county2,4,race2,134,group2,5,False
520,True,county2,2,race1,323,group2,8,True
536,True,,5,race3,299,group2,6,True
537,True,county1,4,race3,370,group2,10,True
542,True,county1,2,race3,403,group2,7,True
545,False,,0,race3,113,group2,4,False
565,False,county4,2,race1,196,group2,0,False
567,False,county2,0,race1,88,group2,5,False
568,True,county3,2,,121,group2,9,True
578,False,county4,0,race2,58,group2,0,False
580,True,,4,race3,400,group2,6,True
581,True,county1,3,race3,132,group2,6,True
583,False,,4,,56,group2,5,False
592,False,,2,race2,86,group2,0,False
605,False,county4,1,race2,62,group2,1,False
612,False,county4,5,race1,79,group2,2,False
613,,county1,3,race3,219,group2,6,True
632,True,,2,race3,147,group2,8,True
640,False,county3,0,race1,206,group2,7,True
651,False,county2,0,,136,group2,3,False
659,False,county2,3,race1,86,group2,0,False
663,True,,5,race1,57,group2,9,True
674,True,county4,2,race3,80,group2,7,True
675,False,county3,1,race2,85,group2,4,False
676,True,county1,1,race1,414,group2,9,True
683,True,county2,1,race3,160,group2,9,True
696,False,,1,race3,108,group2,2,False
707,False,county4,2,,98,group2,6,True
709,True,county1,1,race1,401,group2,9,True
711,False,county1,1,race3,95,group2,2,False
720,False,county2,5,race1,224,group2,2,False
721,True,county1,3,race3,117,group2,6,True
724,True,,2,race3,140,group2,5,False
759,False,county1,1,race3,150,group2,0,False
767,True,county2,5,race1,55,group2,7,True
786,,county3,4,,287,group2,10,True
793,True,,5,race3,74,group2,3,False
799,True,county4,0,,214,group2,4,False
801,False,county3,5,race1,420,group2,6,True
810,False,county1,1,race3,58,group2,2,False
813,True,,5,,292,group2,9,True
831,True,county1,3,race1,255,group2,9,True
860,False,county1,2,race3,144,group2,4,False
873,False,county2,3,race2,77,group2,1,False
884,,county4,2,race3,48,group2,1,False
886,True,county3,0,race3,66,group2,8,True
892,True,county1,0,race3,392,group2,6,True
893,True,county1,2,race1,261,group2,6,True
913,False,county1,0,race3,52,group2,3,False
927,False,county3,4,race1,49,group2,3,False
928,,county1,5,,107,group2,0,False
929,True,county1,4,race3,173,group2,3,False
930,False,county2,5,race2,209,group2,8,True
933,False,,4,race1,193,group2,3,False
935,,,1,,121,group2,0,False
940,True,county2,0,race1,414,group2,8,True
956,True,county4,3,race1,264,group2,9,True
958,False,county1,1,race3,66,group2,0,False
965,True,county4,0,race2,225,group2,10,True
967,True,county2,0,race3,231,group2,7,True
978,True,county4,4,race2,206,group2,1,False
991,False,county2,4,race2,83,group2,0,False
999,True,county3,1,race3,57,group2,2,False
5,False,,2,race1,60,group1,0,False
9,False,,1,race1,121,group1,3,False
12,False,county1,4,race3,131,group1,2,False
28,False,county3,1,race2,65,group1,4,False
35,False,county2,5,race1,225,group1,5,False
36,False,county4,1,race2,157,group1,3,False
39,True,county1,0,race3,108,group1,1,False
42,,county4,1,race1,103,group1,8,True
44,True,,1,race2,163,group1,7,True
52,False,,3,race3,106,group1,4,False
60,False,county2,1,race2,65,group1,10,True
79,False,county4,1,race3,224,group1,1,False
83,False,,2,race1,76,group1,4,False
102,False,county3,4,race3,38,group1,5,False
103,False,county1,3,race3,129,group1,4,False
108,True,county1,3,,222,group1,8,True
113,True,county2,2,race2,131,group1,9,True
115,False,county2,4,race3,61,group1,4,False
116,True,county1,1,race1,245,group1,10,True
137,False,county1,0,race3,102,group1,5,False
142,True,county4,1,race3,201,group1,3,False
144,False,county1,2,race1,417,group1,10,True
145,False,,4,,107,group1,2,False
147,True,county4,1,race1,442,group1,9,True
148,False,,2,race3,204,group1,5,False
163,False,county4,5,race3,182,group1,1,False
166,False,,0,race2,129,group1,6,False
167,True,,0,race1,58,group1,9,True
173,True,county1,4,race2,177,group1,2,False
176,True,county4,1,race2,61,group1,7,True
189,False,county3,0,race3,222,group1,2,False
193,True,county1,0,,248,group1,7,True
195,True,county2,4,,437,group1,9,True
197,True,county1,5,race3,164,group1,7,True
214,False,county2,4,race2,189,group1,3,False
216,False,county2,1,,75,group1,4,False
226,False,county4,0,,84,group1,5,False
233,True,county4,4,race2,418,group1,7,True
267,False,county1,2,race3,389,group1,10,True
268,False,county1,5,race3,177,group1,8,True
289,False,,5,race1,121,group1,1,False
293,True,,2,race3,178,group1,10,True
296,,county1,0,,175,group1,3,False
298,False,county4,1,race1,144,group1,6,False
301,False,,2,race1,266,group1,9,True
303,,county1,3,race3,196,group1,8,True
326,,,1,race2,133,group1,5,False
328,False,,2,race1,79,group1,1,False
335,False,county4,4,race2,187,group1,0,False
341,False,county3,1,race1,99,group1,3,False
349,False,,5,race3,137,group1,6,False
367,True,county2,5,race3,166,group1,8,True
388,True,county2,0,race1,206,group1,8,True
393,True,county1,0,,130,group1,8,True
401,True,county2,0,race3,136,group1,0,False
415,,county3,2,race1,189,group1,1,False
421,False,county1,5,,51,group1,5,False
422,False,,3,race3,61,group1,5,False
429,False,county4,5,race3,47,group1,0,False
448,True,county4,1,race2,132,group1,1,False
462,True,county2,5,race1,99,group1,7,True
468,False,county4,3,,190,group1,3,False
479,,county1,0,race3,126,group1,6,False
480,False,county3,5,race2,289,group1,10,True
487,,county2,2,,159,group1,10,True
488,False,county1,5,race3,102,group1,5,False
490,True,county4,0,race1,220,group1,2,False
491,True,county3,1,race3,72,group1,9,True
494,False,county4,5,,99,group1,3,False
517,,county1,3,race3,47,group1,4,False
519,True,county2,0,race2,124,group1,1,False
530,True,,3,race3,181,group1,8,True
546,True,,4,race2,185,group1,8,True
547,False,county2,4,,100,group1,6,False
550,True,county1,1,,84,group1,9,True
555,,county2,3,,198,group1,7,True
557,True,county4,2,,86,group1,8,True
561,False,county4,1,race2,70,group1,4,False
562,True,county3,4,race3,382,group1,10,True
563,,county1,3,race1,197,group1,2,False
564,False,county2,2,race1,374,group1,10,True
566,False,,5,race2,42,group1,0,False
588,False,,5,race3,130,group1,3,False
593,True,county3,2,race1,183,group1,7,True
598,True,,4,race2,164,group1,6,False
600,False,county1,0,race1,155,group1,1,False
602,False,,0,race1,55,group1,5,False
616,False,county3,1,race2,74,group1,5,False
633,True,county1,5,race3,110,group1,9,True
635,False,county3,0,race2,156,group1,6,False
637,False,county2,1,race1,204,group1,6,False
647,False,county4,5,race2,185,group1,0,False
693,False,,0,race3,132,group1,6,False
697,False,,2,race1,168,group1,6,False
698,True,county4,3,race1,208,group1,5,False
706,,county2,3,race2,58,group1,1,False
708,False,county2,2,race2,181,group1,6,False
710,False,county2,3,race2,195,group1,3,False
714,True,county2,3,race1,101,group1,8,True
719,False,county1,5,race3,126,group1,6,False
734,,,3,,134,group1,6,False
746,False,county1,4,race2,152,group1,0,False
750,True,county4,0,race3,343,group1,7,True
751,True,county3,4,race2,201,group1,7,True
754,True,,2,race1,218,group1,9,True
755,,,2,race2,436,group1,7,True
778,False,county3,0,race1,83,group1,5,False
794,False,county1,0,race3,178,group1,5,False
802,True,,3,race3,132,group1,9,True
827,True,county2,0,race1,45,group1,10,True
841,,county1,4,race3,54,group1,3,False
846,True,county1,2,race3,339,group1,8,True
854,True,,3,race1,327,group1,10,True
857,False,county4,4,race3,353,group1,10,True
861,False,county2,4,race1,124,group1,5,False
867,,county1,3,race3,446,group1,9,True
870,False,,5,race3,156,group1,5,False
871,True,county3,3,race1,386,group1,10,True
891,False,,4,race3,43,group1,9,True
894,False,county1,2,race3,78,group1,3,False
897,False,county2,3,race3,77,group1,6,False
899,False,county2,4,race1,43,group1,1,False
906,False,,0,race1,43,group1,5,False
914,False,county2,2,race3,96,group1,1,False
917,True,county1,2,race3,427,group1,7,True
921,False,,5,race2,98,group1,1,False
936,True,county2,5,race1,155,group1,9,True
942,True,county1,5,race2,358,group1,9,True
960,False,county1,4,race3,146,group1,4,False
970,False,,5,race3,139,group1,5,False
976,True,county1,0,race3,120,group1,10,True
981,False,county2,3,race2,162,group1,2,False
982,True,county3,2,race1,226,group1,10,True
985,True,county1,3,race3,251,group1,9,True
986,True,,4,race2,437,group1,7,True
998,False,county1,2,race2,195,group1,6,False
